index,url,valid,domain,title,description,image,published,archive,content,quote,language,keyword
https://www.zeit.de/news/2024-02/01/nach-langer-pause-guenter-beim-sc-freiburg-vor-comeback,https://www.zeit.de/news/2024-02/01/nach-langer-pause-guenter-beim-sc-freiburg-vor-comeback,0,www.zeit.de,Bundesliga: Nach langer Pause: Günter beim SC Freiburg vor Comeback,"Hier finden Sie Informationen zu dem Thema „Bundesliga“. Lesen Sie jetzt „Freiburg und die Streich-Zukunft: ""Wir machen das wie immer""“.",https://img.zeit.de/news/2024-02/01/nach-langer-pause-guenter-beim-sc-freiburg-vor-comeback-image-group/wide__1300x731,2024-02-01T14:07:28Z,,"Christian Streich ließ sich nichts entlocken. Anders als seine Trainerkollegen Jürgen Klopp beim FC Liverpool und Xavi beim FC Barcelona, die erst kürzlich für klare Verhältnisse sorgten und ihren Ab… [+3940 chars]",,de,'SC Freiburg'
https://www.kicker.de/bayern-gegen-freiburg-2024-frauen-bundesliga-4874643/spielbericht,https://www.kicker.de/bayern-gegen-freiburg-2024-frauen-bundesliga-4874643/spielbericht,0,www.kicker.de,Freiburg bleibt ohne Torschuss: Dominante FCB-Frauen übernehmen die Tabellenführung,Der FC Bayern hat zum Rückrundenauftakt in der Frauen-Bundesliga einen deutlichen und stets ungefährdeten 4:0-Heimerfolg über den SC Freiburg gefeiert. Durch den Sieg verdrängt der FCB den VfL Wolfsburg von der Tabellenspitze.,"https://derivates.kicker.de/image/upload/c_crop,x_0,y_13,w_3000,h_1687/w_1200,q_auto/v1/2024/02/05/daa1361d-f0d3-48d6-b966-bc3f2bbe8d35.jpeg",2024-02-05T20:36:45Z,,Der FC Bayern hat zum Rückrundenauftakt in der Frauen-Bundesliga einen deutlichen und ungefährdeten 4:0-Heimerfolg über den SC Freiburg gefeiert. Durch den Sieg verdrängt der FCB den VfL Wolfsburg vo… [+2777 chars],,de,'SC Freiburg'
https://www.bvb.de/News/Uebersicht/Anreiseinformationen-fuer-das-Heimspiel-gegen-Freiburg,https://www.bvb.de/News/Uebersicht/Anreiseinformationen-fuer-das-Heimspiel-gegen-Freiburg,0,www.bvb.de,Anreiseinformationen für das Heimspiel gegen Freiburg,Am Freitagabend trifft Borussia Dortmund im SIGNAL IDUNA PARK auf den SC Freiburg (Anstoß 20:30 Uhr). Zum Heimspiel ergänzen außerplanmäßige Halte am Stadion und ein Sonderzug zur Abreise den fahrplanmäßigen Verkehr.,http://www.bvb.de/var/ezdemo_site/storage/images/media/bilder/teaserbilder/t_zug_anreise/4245526-1-ger-DE/T_Zug_Anreise_bvbnachricht_teaser_normal_retina.jpg,2024-02-07T13:36:00Z,,Am Freitagabend trifft Borussia Dortmund im SIGNAL IDUNA PARK auf den SC Freiburg (Anstoß 20:30 Uhr). Zum Heimspiel ergänzen außerplanmäßige Halte am Stadion und ein Sonderzug zur Abreise den fahrpla… [+1937 chars],,de,'SC Freiburg'
https://www.bvb.de/Spiele/Spielberichte/2023/Bundesliga/21-Borussia-Dortmund-SC-Freiburg/Vorbericht/Osmers-pfeift-DAZN-uebertraegt,https://www.bvb.de/Spiele/Spielberichte/2023/Bundesliga/21-Borussia-Dortmund-SC-Freiburg/Vorbericht/Osmers-pfeift-DAZN-uebertraegt,0,www.bvb.de,Osmers pfeift | DAZN überträgt,"Am Freitag spielt Borussia Dortmund im SIGNAL IDUNA PARK gegen den SC Freiburg. Anstoß ist um 20:30 Uhr. Alle Infos zu unserem Bundesliga-Heimspiel haben wir kompakt zusammengefasst. Sobald neue Nachrichten vorliegen, erfolgt ein Update.",http://www.bvb.de/var/ezdemo_site/storage/images/media/bilder/teaserbilder/86t_stadion/4245452-1-ger-DE/86T_Stadion_bvbnachricht_teaser_normal_retina.jpg,2024-02-08T08:51:00Z,,Am Freitag spielt Borussia Dortmund im SIGNAL IDUNA PARK gegen den SC Freiburg. Anstoß ist um 20:30 Uhr. Alle Infos zu unserem Bundesliga-Heimspiel haben wir kompakt zusammengefasst. Sobald neue Nach… [+2715 chars],,de,'SC Freiburg'
https://www.bvb.de/News/Uebersicht/LIVE-Pressekonferenz-vor-dem-Spiel-gegen-Freiburg2,https://www.bvb.de/News/Uebersicht/LIVE-Pressekonferenz-vor-dem-Spiel-gegen-Freiburg2,0,www.bvb.de,LIVE: Pressekonferenz vor dem Spiel gegen Freiburg,Zum Auftakt des 21. Spieltags der Bundesliga empfängt Borussia Dortmund den SC Freiburg. Vor der Partie stellt sich BVB-Cheftrainer Edin Terzic auf der Pressekonferenz den Fragen zum Spiel und gibt wie gewohnt ein Update zur Personalsituation seiner Mannschaf…,http://www.bvb.de/var/ezdemo_site/storage/images/media/bilder/teaserbilder/t-terzic-pk/4249231-1-ger-DE/T-Terzic-PK_bvbnachricht_teaser_normal_retina.jpg,2024-02-08T08:55:00Z,,"1&amp;1
1&amp;1 ist seit der Saison 2020/21 Haupt- und Trikotsponsor von Borussia Dortmund. Neben der Präsenz auf der Trikotbrust, wo das Logo in schwarz und weiß abgebildet wird, zählen auch umfang… [+1292 chars]",,de,'SC Freiburg'
https://www.transfermarkt.de/freiburg-setzt-weiter-auf-sorgenkind-adamu-er-dachte-bloss-nicht-sagen-dass-mir-was-wehtut-quot-/view/news/433657,https://www.transfermarkt.de/freiburg-setzt-weiter-auf-sorgenkind-adamu-er-dachte-bloss-nicht-sagen-dass-mir-was-wehtut-quot-/view/news/433657,0,www.transfermarkt.de,SC Freiburg: Fehlverhalten von Sorgenkind Junior Adamu – Anfragen abgelehnt,"Für die Verpflichtung von Junior Adamu investierte der SC Freiburg mit 6 Millionen Euro rund zwei Drittel seiner Transferausgaben in dieser Saison, nur vier Spieler waren in der...",https://tmssl.akamaized.net/images/foto/big/junior-adamu-sc-freiburg-2023-1693907863-115901.jpg?lm=1693907874,2024-02-08T10:19:59Z,,"Handvoll Anfragen abgelehnt 
Für die Verpflichtung von Junior Adamu investierte der SC Freiburg mit 6 Millionen Euro rund zwei Drittel seiner Transferausgaben in dieser Saison, nur vier Spieler ware… [+5796 chars]",,de,'SC Freiburg'
https://www.titanic-magazin.de/news/werbeunterbrechung-13962/,https://www.titanic-magazin.de/news/werbeunterbrechung-13962/,0,www.titanic-magazin.de,Werbeunterbrechung,Ab  jetzt  im  TITANIC-Shop  -  das  neue  Buch  von  Martin  Sonneborn!    Nie  wieder  Eselsohren!  Zu  jedem  bestellten  Exemplar  gibt  es  ein  TITANIC-Lesezeichen  kostenlos  oben  drauf. ...,https://www.titanic-magazin.de/fileadmin/core/images/social_media_icons/titaniclogo.png,2024-02-08T11:14:00Z,,"Ihres Zeichens Welttorhüter des Jahres 1987, Träger des Goldenen Schuhs und Wegfauster und Eckenhechter im Tor des FC Bayern München! Dass Sie nach der Bundesliga-Tabelle auch mal die Charts erklimme… [+670 chars]",,de,'Martin Sonneborn'
https://www.kicker.de/terzic-ueber-starkes-leverkusen-und-stuttgart-nehmen-das-als-ansporn-995043/video,https://www.kicker.de/terzic-ueber-starkes-leverkusen-und-stuttgart-nehmen-das-als-ansporn-995043/video,0,www.kicker.de,"Terzic über starkes Leverkusen und Stuttgart: ""Nehmen das als Ansporn""",Video: Borussia Dortmund empfängt am Freitag Abend den SC Freiburg. Trainer Edin Terzic zeigt sich vor dem Duell beeindruckt von Teams wie Leverkusen und Stuttgart und möchte sich deren Leistungen als Vorbild nehmen. Auch vor dem kommenden Gegner hat er große…,"https://derivates.kicker.de/image/upload/w_4000,h_2250,c_fill,g_auto:subject/w_1200,q_auto/v1/2024/02/08/6b2917df-61f3-455a-839e-680967f0cf24.jpeg",2024-02-08T12:26:43Z,,"Werbung und Tracking: Um dir relevante Inhalte und personalisierte Werbung anzubieten, setzen wir Cookies und andere Technologien ein. Damit messen wir, wie und womit du unsere Angebote nutzt. Diese … [+1979 chars]",,de,'SC Freiburg'
https://www.bvb.de/Spiele/Spielberichte/2023/Bundesliga/21-Borussia-Dortmund-SC-Freiburg/Vorbericht/Terzic-freut-sich-vor-Freiburg-Spiel-ueber-Rueckkehrer,https://www.bvb.de/Spiele/Spielberichte/2023/Bundesliga/21-Borussia-Dortmund-SC-Freiburg/Vorbericht/Terzic-freut-sich-vor-Freiburg-Spiel-ueber-Rueckkehrer,0,www.bvb.de,Terzic freut sich vor Freiburg-Spiel über Rückkehrer,Am Freitagabend eröffnet Borussia Dortmund den 21. Bundesliga-Spieltag. Um 20:30 Uhr ist der SC Freiburg im SIGNAL IDUNA PARK zu Gast. Die personelle Situation hat sich vor dem Spiel wieder entspannt.,http://www.bvb.de/var/ezdemo_site/storage/images/media/bilder/teaserbilder/t-terzic8/4327162-1-ger-DE/T-Terzic_bvbnachricht_teaser_normal_retina.jpg,2024-02-08T12:42:00Z,,Am Freitagabend eröffnet Borussia Dortmund den 21. Bundesliga-Spieltag. Um 20:30 Uhr ist der SC Freiburg im SIGNAL IDUNA PARK zu Gast. Die personelle Situation hat sich vor dem Spiel wieder entspannt… [+3048 chars],,de,'SC Freiburg'
https://www.transfermarkt.de/ginter-fehlt-vorerst-sc-freiburg-gehen-innenverteidiger-aus/view/news/433675,https://www.transfermarkt.de/ginter-fehlt-vorerst-sc-freiburg-gehen-innenverteidiger-aus/view/news/433675,0,www.transfermarkt.de,Matthias Ginter verletzt: SC Freiburg gehen Innenverteidiger aus,Das Verletzungspech bleibt dem SC Freiburg treu. Auch Abwehrchef Matthias Ginter wird dem Bundesligisten wegen einer Achillessehnenreizung nun vorerst fehlen. „Wir können noch keine...,https://tmssl.akamaized.net/images/foto/big/matthias-ginter-sc-freiburg-2023-24-1707399283-128881.jpg?lm=1707399302,2024-02-08T13:37:21Z,,"Das Verletzungspech bleibt dem SC Freiburg treu. Auch Abwehrchef Matthias Ginter wird dem Bundesligisten wegen einer Achillessehnenreizung nun vorerst fehlen. „Wir können noch keine Prognose abgeben,… [+2627 chars]",,de,'SC Freiburg'
https://www.kicker.de/dann-kannst-du-den-gegner-nerven-streich-mit-ueberzeugung-vor-bvb-spiel-995110/video,https://www.kicker.de/dann-kannst-du-den-gegner-nerven-streich-mit-ueberzeugung-vor-bvb-spiel-995110/video,0,www.kicker.de,"""Dann kannst du den Gegner nerven"": Streich mit Überzeugung vor BVB-Spiel",Video: Der SC Freiburg fährt zum Auswärtsspiel nach Dortmund und Trainer Christian Streich ist der Überzeugung dort auch zu bestehen - Das 2:4-Hinspiel gibt ihm trotz der Niederlage Hoffnung.,"https://derivates.kicker.de/image/upload/c_crop,x_0,y_400,w_3901,h_2194/w_1200,q_auto/v1/2024/02/08/e5a1d912-206d-4adb-9fcc-313536a614e1.jpeg",2024-02-08T14:56:36Z,,"Werbung und Tracking: Um dir relevante Inhalte und personalisierte Werbung anzubieten, setzen wir Cookies und andere Technologien ein. Damit messen wir, wie und womit du unsere Angebote nutzt. Diese … [+1979 chars]",,de,'SC Freiburg'
https://www.kicker.de/kniat-und-das-spiel-mit-dem-extrem-hohen-stellenwert-995107/artikel,https://www.kicker.de/kniat-und-das-spiel-mit-dem-extrem-hohen-stellenwert-995107/artikel,0,www.kicker.de,"Kniat und das Spiel mit dem ""extrem hohen Stellenwert""",Die vergangenen fünf Punktspiele hat Arminia Bielefeld verloren. Vor dem Gastspiel beim SC Freiburg II ist der Druck hoch - Cheftrainer Mitch Kniat kann aber immerhin auf seinen ganzen Kader bauen.,"https://derivates.kicker.de/image/upload/c_crop,x_0,y_41,w_3200,h_1800/w_1200,q_auto/v1/2024/02/08/1db74974-a368-447d-9500-42f537d78245.jpeg",2024-02-08T15:31:45Z,,Die vergangenen fünf Punktspiele hat Arminia Bielefeld verloren. Vor dem Gastspiel beim SC Freiburg II ist der Druck hoch - Cheftrainer Mitch Kniat kann aber immerhin auf seinen ganzen Kader bauen. ,,,
https://www.stern.de/gesellschaft/regional/baden-wuerttemberg/dfb-pokal--eintracht-frauen-werfen-freiburg-aus-dem-pokal-34442460.html,https://www.stern.de/gesellschaft/regional/baden-wuerttemberg/dfb-pokal--eintracht-frauen-werfen-freiburg-aus-dem-pokal-34442460.html,0,www.stern.de,DFB-Pokal: Eintracht-Frauen werfen Freiburg aus dem Pokal,Vorjahresfinalist SC Freiburg ist raus aus dem DFB-Pokal der Frauen. Beim Bundesliga-Dritten Eintracht Frankfurt hat das Team von Trainerin Theresa Merk auch Pech.,https://image.stern.de/34442462/t/3a/v1/w1440/r1.7778/-/08--urnnewsmldpacom2009010124020899922726v3w800h600l606t123r1886b1017jpeg---53b13cd9156393be.jpg,2024-02-08T19:34:35Z,https://web.archive.org/web/20240208194304/https://www.stern.de/gesellschaft/regional/baden-wuerttemberg/dfb-pokal--eintracht-frauen-werfen-freiburg-aus-dem-pokal-34442460.html,"Vorjahresfinalist SC Freiburg ist raus aus dem DFB-Pokal der Frauen. Beim Bundesliga-Dritten Eintracht Frankfurt hat das Team von Trainerin Theresa Merk auch Pech.
Die Fußballerinnen von Eintracht F… [+1252 chars]",,de,'SC Freiburg'
https://www.focus.de/sport/fussball/bundesliga-21-spieltag-borussia-dortmund-gegen-sc-freiburg-im-liveticker_id_259656326.html,https://www.focus.de/sport/fussball/bundesliga-21-spieltag-borussia-dortmund-gegen-sc-freiburg-im-liveticker_id_259656326.html,0,www.focus.de,"Bundesliga, 21. Spieltag - Borussia Dortmund gegen SC Freiburg im Liveticker",Der Europa-League-Teilnehmer gastiert beim Vizemeister. Der SC kämpft beim BVB gegen seine bislang so miserable Bilanz - und einmal mehr mit personellen Problemen. Unter Christian Streich konnten die Freiburger noch kein Auswärtsspiel in Dortmund gewinnen. Da…,https://p6.focus.de/img/fotos/id_259656338/borussia-dortmund-sc-freiburg.jpg?im=Crop%3D%280%2C0%2C3321%2C1660%29%3BResize%3D%281200%2C627%29&impolicy=perceptual&quality=mediumHigh&hash=d20d987451dd651579851c2dbcb8d30cb4c97fe52537a62dd441f3ae7bd0e387,2024-02-09T14:49:21Z,,Der Europa-League-Teilnehmer gastiert beim Vizemeister. Der SC kämpft beim BVB gegen seine bislang so miserable Bilanz - und einmal mehr mit personellen Problemen. Unter Christian Streich konnten die… [+809 chars],,de,'SC Freiburg'
https://www.welt.de/sport/fussball/bundesliga/article250014422/Bundesliga-Fussball-BVB-SC-Freiburg-im-Liveticker.html,https://www.welt.de/sport/fussball/bundesliga/article250014422/Bundesliga-Fussball-BVB-SC-Freiburg-im-Liveticker.html,0,www.welt.de,Malen bringt den BVB früh in Führung,Borussia Dortmund eröffnet gegen den SC Freiburg den 21. Spieltag der Bundesliga. Der BVB stolperte zuletzt beim Aufsteiger in Heidenheim. Kann das Team seinen Champions-League-Platz festigen? BVB gegen Freiburg im Liveticker.,https://img.welt.de/img/sport/fussball/bundesliga/mobile250019178/6361357907-ci16x9-w1200/FBL-GER-BUNDESLIGA-DORTMUND-FREIBURG.jpg,2024-02-09T19:45:24Z,,Bei Borussia Dortmund schwinden vor dem Spiel gegen den SC Freiburg die Personalsorgen. Nach zuletzt großen Engpässen mit bis zu neun Ausfällen kann der Tabellenvierte in der Partie am Freitag gegen … [+1778 chars],,de,'SC Freiburg'
https://www.welt.de/sport/fussball/bundesliga/article250014422/Bundesliga-Fussball-BVB-siegt-problemlos-gegen-Freiburg.html,https://www.welt.de/sport/fussball/bundesliga/article250014422/Bundesliga-Fussball-BVB-siegt-problemlos-gegen-Freiburg.html,0,www.welt.de,BVB siegt problemlos gegen Freiburg,Der BVB eröffnet den 21. Spieltag der Bundesliga mit einem ungefährdeten Sieg gegen den SC Freiburg. Bei Dortmund überragt Donyell Malen mit einem Doppelpack. So lief das Spiel – der Liveticker zum Nachlesen.,https://img.welt.de/img/sport/fussball/bundesliga/mobile250019408/7461356897-ci16x9-w1200/Germany-Soccer-Bundesliga.jpg,2024-02-09T19:45:24Z,,"Die WELT als ePaper: Die vollständige Ausgabe steht Ihnen bereits am Vorabend zur Verfügung so sind Sie immer hochaktuell informiert. Weitere Informationen: http://epaper.welt.de 
 Der Kurz-Link die… [+49 chars]",,de,'SC Freiburg'
https://www.n-tv.de/sport/fussball/BVB-schlaegt-vor-und-nach-Unterbrechung-zu-article24726223.html,https://www.n-tv.de/sport/fussball/BVB-schlaegt-vor-und-nach-Unterbrechung-zu-article24726223.html,0,www.n-tv.de,Freiburg in Dortmund chancenlos: BVB-Doppelpacker schlägt vor und nach Unterbrechung zu,"Auch zum Auftakt des 21. Bundesliga-Spieltags sorgen Fanproteste für eine Zwangspause. Borussia Dortmund aber beeindruckt das wenig, die Schwarzgelben bleiben zum siebten Mal in Serie unbesiegt. Zwei BVB-Stürmer überragen gegen den SC Freiburg.",https://bilder1.n-tv.de/img/incoming/crop24726184/7481322726-cImg_16_9-w1200/2a0b6f454307c8e05c0188666dbdf627.jpg,2024-02-09T21:33:46Z,,"Auch zum Auftakt des 21. Bundesliga-Spieltags sorgen Fanproteste für eine Zwangspause. Borussia Dortmund aber beeindruckt das wenig, die Schwarzgelben bleiben zum siebten Mal in Serie unbesiegt. Zwei… [+3730 chars]",,de,'SC Freiburg'
https://www.bild.de/sport/fussball/fussball/bundesliga-dortmund-freiburg-3-0-dortmund-star-nach-2-5-jahren-zurueck-87104992.bild.html,https://www.bild.de/sport/fussball/fussball/bundesliga-dortmund-freiburg-3-0-dortmund-star-nach-2-5-jahren-zurueck-87104992.bild.html,0,www.bild.de,"Bewegende Szene kurz vor Schluss - BVB-Star nach 2,5 Jahren (!) zurück","Ein souveräner Sieg für den BVB! Borussia Dortmund fährt den vierten Dreier aus den letzten fünf Liga-Spielen ein, schlägt den SC Freiburg mit 3:0.","https://images.bild.de/65c67d9630b7106a6488711a/2f332d66fa2c123e1973cb449a8d0c86,30c885bf?w=1280",2024-02-09T21:34:09Z,,"Ein souveräner Sieg für den BVB!
Borussia Dortmund fährt den vierten Dreier aus den letzten fünf Liga-Spielen ein, schlägt den 
SC Freiburg mit 3:0.
Dabei sind die ersten beiden Treffer des Ruhrpo… [+1944 chars]",,de,'SC Freiburg'
https://www.transfermarkt.de/malen-mit-doppelpack-bvb-gegen-freiburg-ohne-probleme-morey-comeback-nach-fast-3-jahren/view/news/433764,https://www.transfermarkt.de/malen-mit-doppelpack-bvb-gegen-freiburg-ohne-probleme-morey-comeback-nach-fast-3-jahren/view/news/433764,0,www.transfermarkt.de,Bundesliga: BVB gegen SC Freiburg ohne probleme – Malen mit Doppelpack,"Weniger Personalsorgen, mehr Power: Die Rückkehr zahlreicher Stammkräfte hat Borussia Dortmund zu einem Leistungsschub verholfen. Beim verdienten 3:0 (2:0) über den...",https://tmssl.akamaized.net/images/foto/big/donyell-malen-borussia-dortmund-2024-1707513295-129021.jpg?lm=1707513307,2024-02-09T21:35:16Z,,"Atubolu verhindert höhere Pleite 
Weniger Personalsorgen, mehr Power: Die Rückkehr zahlreicher Stammkräfte hat Borussia Dortmund zu einem Leistungsschub verholfen. Beim verdienten 3:0 (2:0) über den… [+3130 chars]",,de,'SC Freiburg'
https://www.kicker.de/dortmund-gegen-freiburg-2024-bundesliga-4862146/spielbericht,https://www.kicker.de/dortmund-gegen-freiburg-2024-bundesliga-4862146/spielbericht,0,www.kicker.de,Füllkrug und Malen im Duett: BVB findet gegen Lieblingsgegner Freiburg zurück in die Spur,Borussia Dortmund ist zurück in der Erfolgsspur. Beim 3:0 über den SC Freiburg war das Zusammenspiel von Füllkrug und Malen spielentscheidend.,"https://derivates.kicker.de/image/upload/c_crop,x_1040,y_34,w_2252,h_1267/w_1200,q_auto/v1/2024/02/09/8cb47271-204e-49ae-9f16-a61ddebea449.jpeg",2024-02-09T21:38:44Z,,"Borussia Dortmund ist zurück in der Erfolgsspur. Beim 3:0 über den SC Freiburg war das Zusammenspiel von Füllkrug und Malen spielentscheidend. 
 Angesichts von nur zwei Punkten aus den letzten 15 Au… [+3488 chars]",,de,'SC Freiburg'
https://www.faz.net/aktuell/sport/fussball/bundesliga/borussia-dortmund-gewinnt-in-der-bundesliga-gegen-sc-freiburg-19417299.html,https://www.faz.net/aktuell/sport/fussball/bundesliga/borussia-dortmund-gewinnt-in-der-bundesliga-gegen-sc-freiburg-19417299.html,0,www.faz.net,3:0 gegen SC Freiburg: Dortmund festigt Tabellenplatz vier,Es ist der vierte Sieg im fünften Bundesligaspiel 2024: Borussia Dortmund sammelt weiter fleißig Punkte. Vor allem Malen und Füllkrug überzeugen. Das Warten in Freiburg indes hält an.,https://media0.faz.net/ppmedia/aktuell/sport/1414198671/1.9510450/facebook_teaser/niclas-fuellkrug-mitte-ist-an.jpg,2024-02-09T21:43:31Z,,"Weniger Personalsorgen, mehr Power die Rückkehr zahlreicher Stammkräfte hat Borussia Dortmund zu einem Leistungsschub verholfen. Beim verdienten 3:0 (2:0) über den Lieblingsgegner SC Freiburg gelang … [+3055 chars]",,de,'SC Freiburg'
https://www.kicker.de/kuchen-fuer-das-geburtstagskind-malen-revanchiert-sich-bei-fuellkrug-995424/artikel,https://www.kicker.de/kuchen-fuer-das-geburtstagskind-malen-revanchiert-sich-bei-fuellkrug-995424/artikel,0,www.kicker.de,Kuchen für das Geburtstagskind: Malen revanchiert sich bei Füllkrug,"Nach dem 3:0 über den SC Freiburg freute sich Dortmunds Trainer Edin Terzic auch darüber, dass eine von ihm getätigte Aussage sich langsam bewahrheitet. Für Geburtstagskind Füllkrug gab es Lob und ein besonderes Geschenk.","https://derivates.kicker.de/image/upload/c_crop,x_0,y_125,w_4000,h_2250/w_1200,q_auto/v1/2024/02/09/881e92af-cd42-4129-8af1-438e0b9f8b63.jpeg",2024-02-09T22:55:00Z,,"Nach dem 3:0 über den SC Freiburg freute sich Dortmunds Trainer Edin Terzic auch darüber, dass eine von ihm getätigte Aussage sich langsam bewahrheitet. Für Geburtstagskind Füllkrug gab es Lob und ei… [+3538 chars]",,de,'SC Freiburg'
https://www.bvb.de/Spiele/Spielberichte/2023/Bundesliga/21-Borussia-Dortmund-SC-Freiburg/Nachbericht/Unsere-beste-Leistung-im-Jahr-2024,https://www.bvb.de/Spiele/Spielberichte/2023/Bundesliga/21-Borussia-Dortmund-SC-Freiburg/Nachbericht/Unsere-beste-Leistung-im-Jahr-2024,0,www.bvb.de,„Unsere beste Leistung im Jahr 2024“,Nach dem 3:0-Erfolg gegen den SC Freiburg äußerten sich neben Cheftrainer Edin Terzic und Sportdirektor Sebastian Kehl auch die Torschützen Donyell Malen und Niclas Füllkrug. Die Stimmen zum Spiel.,http://www.bvb.de/var/ezdemo_site/storage/images/media/bilder/teaserbilder/97t_terzic/4328198-1-ger-DE/97T_Terzic_bvbnachricht_teaser_normal_retina.jpg,2024-02-09T22:55:00Z,,Nach dem 3:0-Erfolg gegen den SC Freiburg äußerten sich neben Cheftrainer Edin Terzic und Sportdirektor Sebastian Kehl auch die Torschützen Donyell Malen und Niclas Füllkrug. Die Stimmen zum Spiel.Ed… [+1953 chars],,de,'SC Freiburg'
https://www.transfermarkt.de/bvb-feiert-ruckkehrer-morey-unser-heimlicher-held-quot-comeback-nach-1-015-tagen/view/news/433766,https://www.transfermarkt.de/bvb-feiert-ruckkehrer-morey-unser-heimlicher-held-quot-comeback-nach-1-015-tagen/view/news/433766,0,www.transfermarkt.de,BVB feiert Rückkehrer Morey: „Unser heimlicher Held“ – Comeback nach 1.015 Tagen,"Er stand nur wenige Minuten auf dem Platz, stahl aber selbst den beiden Torschützen die Show. Beim 3:0 (2:0) über den SC Freiburg wurde der Dortmunder Rückkehrer Mateu...",https://tmssl.akamaized.net/images/foto/big/mateu-morey-bvb-2024-1707555351-129022.jpg?lm=1707555360,2024-02-10T08:54:47Z,,"Knieverletzung überstanden 
Er stand nur wenige Minuten auf dem Platz, stahl aber selbst den beiden Torschützen die Show. Beim 3:0 (2:0) über den SC Freiburg wurde der Dortmunder Rückkehrer Mateu Mo… [+2665 chars]",,de,'SC Freiburg'
https://www.stern.de/kultur/eu-abgeordneter-martin-sonneborn-im-chat---muss-jetzt-mal-2h-regieren----bis-spaeter-----34444320.html,https://www.stern.de/kultur/eu-abgeordneter-martin-sonneborn-im-chat---muss-jetzt-mal-2h-regieren----bis-spaeter-----34444320.html,0,www.stern.de,"Prominente im Chat-Interview: EU-Abgeordneter Martin Sonneborn: ""Muss jetzt mal 2h regieren... Bis später...""","Martin Sonneborn ist Satiriker und EU-Abgeordneter der ""PARTEI"". Wenn er im Brüsseler Parlament ans Mikro tritt, gefriert Kommissionspräsidentin Ursula von der Leyen das Gesicht. Der ""stern"" hat ihn chattend in seinem Alltag begleitet.",https://image.stern.de/34445530/t/hM/v1/w1440/r1.7778/-/eu-sonneborn1.jpg,2024-02-10T15:36:00Z,,"Martin Sonneborn hat das Humorhandwerk bei der Satirezeitschrift ""Titanic"" gelernt. 2004 gründete er zusammen mit anderen ""Titanic""-Redakteuren ""Die PARTEI"" und übernahm den Vorsitz. Einerseits parod… [+25868 chars]",,de,'Martin Sonneborn'
https://www.kicker.de/klos-eroeffnet-lang-fliegt-bielefeld-schlaegt-freiburg-ii-deutlich-995526/video,https://www.kicker.de/klos-eroeffnet-lang-fliegt-bielefeld-schlaegt-freiburg-ii-deutlich-995526/video,0,www.kicker.de,"Klos eröffnet, Lang fliegt: Bielefeld schlägt Freiburg II deutlich",Video: Arminia Bielefeld gewinnt bei der Zweitvertretung vom SC Freiburg und holt wichtige Punkte im Abstiegskampf der 3. Liga. Die scheidende Vereinslegende Fabian Klos brachte die Arminia auf die Siegerstraße.,"https://derivates.kicker.de/image/upload/c_crop,x_0,y_281,w_2560,h_1440/w_1200,q_auto/v1/2024/02/10/c5373139-b05b-46c3-83ec-19699141fa8a.jpeg",2024-02-11T23:00:00Z,,"Werbung und Tracking: Um dir relevante Inhalte und personalisierte Werbung anzubieten, setzen wir Cookies und andere Technologien ein. Damit messen wir, wie und womit du unsere Angebote nutzt. Diese … [+1979 chars]",,de,'SC Freiburg'
https://www.kicker.de/lang-fehlt-freiburg-ii-zwei-spiele-lang-995894/artikel,https://www.kicker.de/lang-fehlt-freiburg-ii-zwei-spiele-lang-995894/artikel,0,www.kicker.de,Lang fehlt Freiburg II zwei Spiele lang,Drittliga-Schlusslicht SC Freiburg II muss in den kommenden beiden Ligaspielen auf Verteidiger Niklas Lang verzichten. Der 21-Jährige sah gegen Arminia Bielefeld glatt Rot.,"https://derivates.kicker.de/image/upload/c_crop,x_58,y_130,w_2884,h_1621/w_1200,q_auto/v1/2024/02/12/762e5871-3a2b-4127-b252-34e0ca373fd7.jpeg",2024-02-12T14:44:16Z,,Drittliga-Schlusslicht SC Freiburg II muss in den kommenden beiden Ligaspielen auf Verteidiger Niklas Lang verzichten. Der 21-Jährige sah gegen Arminia Bielefeld glatt Rot.,,de,'SC Freiburg'
https://www.stern.de/gesellschaft/regional/niedersachsen-bremen/bundesliga--offensivspieler-philipp-nun-freiburger--kaufpflicht-greift-34455434.html,https://www.stern.de/gesellschaft/regional/niedersachsen-bremen/bundesliga--offensivspieler-philipp-nun-freiburger--kaufpflicht-greift-34455434.html,0,www.stern.de,Bundesliga: Offensivspieler Philipp nun Freiburger: Kaufpflicht greift,Wolfsburg/Freiburg - Knapp fünf Monate nach seiner Ausleihe vom VfL Wolfsburg wechselt Offensivspieler Maximilian Philipp (29) fest zum SC Freiburg.,https://image.stern.de/34455436/t/b-/v1/w1440/r1.7778/-/13--urnnewsmldpacom2009010124021399973758v3w800h600l936t103r2216b1063jpeg---0f07e6c7ad82fd07.jpg,2024-02-13T14:02:57Z,,"Maximilian Philipp war im vergangenen Sommer zunächst auf Leihbasis vom VfL Wolfsburg zum SC Freiburg gewechselt. Nun hat eine Klausel gegriffen.
Knapp fünf Monate nach seiner Ausleihe vom VfL Wolfs… [+856 chars]",,de,'SC Freiburg'
https://www.focus.de/sport/fussball/bundesliga1/klare-positionierung-freiburgs-trainer-streich-warnt-vor-der-afd-jetzt-kommen-die-hetzer_id_259670962.html,https://www.focus.de/sport/fussball/bundesliga1/klare-positionierung-freiburgs-trainer-streich-warnt-vor-der-afd-jetzt-kommen-die-hetzer_id_259670962.html,0,www.focus.de,Klare Positionierung - Freiburgs Trainer Streich warnt vor der AfD: „Jetzt kommen die Hetzer“,"Fußballtrainer Christian Streich vom SC Freiburg positioniert sich erneut gegen Parteien wie die AfD. Er sieht für sich eine besondere Verantwortung darin, die Stimme zu erheben. „Sonst können die Deiche brechen“, betont Streich in einem Interview.",https://p6.focus.de/img/fotos/id_259670961/freiburgs-trainer-chrisitan-streich-warnt-in-einem-interview-vor-einer-afd-regierung..jpg?im=Crop%3D%280%2C131%2C3000%2C1502%29%3BResize%3D%281200%2C627%29&impolicy=perceptual&quality=mediumHigh&hash=570ffb2293d786af687c8be4d0fd3b286bea0006680ecdeb92136e001cdceefd,2024-02-14T21:35:01Z,,"Fußballtrainer Christian Streich vom SC Freiburg positioniert sich erneut gegen Parteien wie die AfD. Er sieht für sich eine besondere Verantwortung darin, die Stimme zu erheben. Sonst können die Dei… [+1960 chars]",,de,'SC Freiburg'
https://11freunde.de/artikel/le-normal-one/10368089,https://11freunde.de/artikel/le-normal-one/10368089,0,11freunde.de,Le Normal One - Wie Lens-Trainer Franck Haise den französischen Fußball revolutioniert,"Heute trifft der SC Freiburg in der Europa League auf den RC Lens – und auf einen Trainer, der die ungeschriebenen Gesetze des französischen Fußballs bricht.",https://11freunde.de/assets/images/_1200x630_crop_center-center_82_none/imago1037784276h.jpg?mtime=1707994037,2024-02-15T12:00:00Z,,"Er hätte seinen schicksten Anzug raus­kramen können, sich Pomade in die Haare schmieren oder seine Leder­schule auf­po­lieren. Doch Franck Haise warf sich ein­fach nur ein Jackett über. Dabei war der… [+469 chars]",,de,'SC Freiburg'
https://www.bild.de/bild-plus/sport/fussball/sc-freiburg/europa-league-das-erwartet-streich-und-freiburg-in-der-franzosen-hoelle-87171580.bild.html,https://www.bild.de/bild-plus/sport/fussball/sc-freiburg/europa-league-das-erwartet-streich-und-freiburg-in-der-franzosen-hoelle-87171580.bild.html,0,www.bild.de,*** BILDplus Inhalt *** Streich verrät Euro-Plan - DAS erwartet Freiburg in der Franzosen-Hölle!,In der Zwischenrunde der Europa League kämpft der SC Freiburg heute in Lens um den Einzug ins Achtelfinale. Das Stadion gilt als echter Hexenkessel.,"https://images.bild.de/65cde00881afc9283a9ddef4/0863ab186b4502aa2b815b5c77d845bf,a35b1fe6?w=1280",2024-02-15T12:19:40Z,,In der Zwischenrunde der Europa League kämpft der SC Freiburg am Donnerstagabend in Lens um den Einzug ins Achtelfinale. Das Stadion gilt als echter Hexenkessel. Wie Trainer Christian Streich (58) do… [+113 chars],,de,'SC Freiburg'
https://www.kicker.de/der-etwas-andere-fussballer-wie-magic-roehl-in-freiburg-durchgestartet-ist-996398/artikel,https://www.kicker.de/der-etwas-andere-fussballer-wie-magic-roehl-in-freiburg-durchgestartet-ist-996398/artikel,0,www.kicker.de,"Der etwas andere Fußballer: Wie ""Magic"" Röhl in Freiburg durchgestartet ist",U-21-Nationalspieler Merlin Röhl (21) ist beim SC Freiburg durchgestartet. Dank Talents und scharfen Verstands lernt er auch aus Rückschlägen schnell. Doch es gibt auch noch Luft nach oben.,"https://derivates.kicker.de/image/upload/c_crop,x_0,y_15,w_1312,h_738/w_1200,q_auto/v1/2024/02/15/bf197b6f-e913-4a61-b8d7-15b73e8ba2a7.jpeg",2024-02-15T15:08:45Z,,"U-21-Nationalspieler Merlin Röhl (21) ist beim SC Freiburg durchgestartet. Dank Talents und scharfen Verstands lernt er auch aus Rückschlägen schnell. Doch es gibt auch noch Luft nach oben. 
 Ein Hy… [+7609 chars]",,de,'SC Freiburg'
https://www.kicker.de/rc-lens-darum-ist-freiburgs-el-gegner-nicht-zu-unterschaetzen-996200/artikel,https://www.kicker.de/rc-lens-darum-ist-freiburgs-el-gegner-nicht-zu-unterschaetzen-996200/artikel,0,www.kicker.de,RC Lens: Darum ist Freiburgs EL-Gegner nicht zu unterschätzen,"RC Lens ist in den K.-o.-Runden-Play-offs der Europa League der Gegner des SC Freiburg. Das Team aus dem Nordosten Frankreichs ist ein eher unbekannter Gegner. Was nicht heißt, dass die Breisgauer favorisiert sind.","https://derivates.kicker.de/image/upload/w_2000,h_1125,c_fill,g_auto:subject/w_1200,q_auto/v1/2024/02/14/f663595b-16a5-4f84-b96c-c8b515ab8001.jpeg",2024-02-15T15:31:39Z,,"RC Lens ist in den K.-o.-Runden-Play-offs der Europa League der Gegner des SC Freiburg. Das Team aus dem Nordosten Frankreichs ist ein eher unbekannter Gegner. Was nicht heißt, dass die Breisgauer fa… [+3981 chars]",,de,'SC Freiburg'
https://www.focus.de/sport/fussball/europa-league-zwischenrunde-rc-lens-gegen-sc-freiburg-im-liveticker_id_259674732.html,https://www.focus.de/sport/fussball/europa-league-zwischenrunde-rc-lens-gegen-sc-freiburg-im-liveticker_id_259674732.html,0,www.focus.de,"Europa League, Zwischenrunde - RC Lens gegen SC Freiburg im Liveticker",Für den SC Freiburg beginnt in Lens die K.o.-Phase des Europapokals. Nach drei Liga-Niederlagen in Serie warnt Trainer Streich vor einer „großen Herausforderung“. Das Spiel ab 21 Uhr im Liveticker.,https://p6.focus.de/img/fotos/id_259674747/freiburgs-wiedergenesener-kapitaen-christian-guenter.-.jpg?im=Crop%3D%280%2C117%2C3464%2C1732%29%3BResize%3D%281200%2C627%29&impolicy=perceptual&quality=mediumHigh&hash=148d3348eddbdae8a8e7ac5603042816b910e0fb62578b250158a7675635f54c,2024-02-15T19:13:15Z,,Für den SC Freiburg beginnt in Lens die K.o.-Phase des Europapokals. Nach drei Liga-Niederlagen in Serie warnt Trainer Streich vor einer großen Herausforderung. Das Spiel ab 21 Uhr im Liveticker. Für… [+1001 chars],,de,'SC Freiburg'
https://www.n-tv.de/sport/fussball/Videobeweis-erspart-Freiburg-die-Hinspiel-Niederlage-article24740053.html,https://www.n-tv.de/sport/fussball/Videobeweis-erspart-Freiburg-die-Hinspiel-Niederlage-article24740053.html,0,www.n-tv.de,Europa-League-Playoffs in Lens: Videobeweis erspart Freiburg die Hinspiel-Niederlage,Gegen Champions-League-Absteiger RC Lens wahrt der SC Freiburg seine Chance auf Europa-League-Achtelfinale. Im Playoff-Hinspiel in Frankreich erarbeitet sich der Fußball-Bundesligist ein Remis. Das einzige Tor des Abends zählt nach Intervention des Videoassis…,https://bilder4.n-tv.de/img/incoming/crop24740055/8121329523-cImg_16_9-w1200/e7cf90564baf9168a92be609c2b74cd8.jpg,2024-02-15T21:52:27Z,,Gegen Champions-League-Absteiger RC Lens wahrt der SC Freiburg seine Chance auf Europa-League-Achtelfinale. Im Playoff-Hinspiel in Frankreich erarbeitet sich der Fußball-Bundesligist ein Remis. Das e… [+2282 chars],,de,'SC Freiburg'
https://www.stern.de/sport/fussball--freiburg-darf-aufs-achtelfinale-der-europa-league-hoffen-34463220.html,https://www.stern.de/sport/fussball--freiburg-darf-aufs-achtelfinale-der-europa-league-hoffen-34463220.html,0,www.stern.de,Fußball: Freiburg darf aufs Achtelfinale der Europa League hoffen,Das torlose Remis beim RC Lens ist aus Sicht des SC Freiburg als Leistungssteigerung zu werten. Das Ergebnis lässt die Freiburger vor dem Rückspiel vom Achtelfinale in der Europa League träumen.,https://image.stern.de/34463222/t/QT/v1/w1440/r1.7778/-/15--urnnewsmldpacom200901012402159906626v3w800h600l647t243r1927b1096jpeg---a0c425331119adc4.jpg,2024-02-15T21:55:20Z,,"Das torlose Remis beim RC Lens ist aus Sicht des SC Freiburg als Leistungssteigerung zu werten. Das Ergebnis lässt die Freiburger vor dem Rückspiel vom Achtelfinale in der Europa League träumen.
Der… [+2829 chars]",,de,'SC Freiburg'
https://www.kicker.de/lens-gegen-freiburg-2024-europa-league-4898870/spielbericht,https://www.kicker.de/lens-gegen-freiburg-2024-europa-league-4898870/spielbericht,0,www.kicker.de,Danso klärt auf der Linie: Mutige Freiburger belohnen sich in Lens nicht,"Der SC Freiburg hat es verpasst, eine engagierte Leistung in Lens mit einem Sieg zu krönen. Ein gegenüber der Bundesliga stark verbesserter Sport-Club hatte durch Eggestein die große Chance, doch Ex-Augsburger Danso klärte auf der Linie.","https://derivates.kicker.de/image/upload/c_crop,x_0,y_167,w_4000,h_2250/w_1200,q_auto/v1/2024/02/15/6968a757-0bfd-41d0-90c4-4c383fd78878.jpeg",2024-02-15T21:57:25Z,,"Der SC Freiburg hat es verpasst, eine engagierte Leistung in Lens mit einem Sieg zu krönen. Ein gegenüber der Bundesliga stark verbesserter Sport-Club hatte durch Eggestein die große Chance, doch Ex-… [+2983 chars]",,de,'SC Freiburg'
https://www.stern.de/sport/-eintracht-frankfurt-und-sc-freiburg-spielen-unentschieden-34462646.html,https://www.stern.de/sport/-eintracht-frankfurt-und-sc-freiburg-spielen-unentschieden-34462646.html,0,www.stern.de,Europopokal: Freiburg entführt Punkt aus Hexenkessel in Lens – Eintracht Frankfurt verspielt trotz Überzahl Sieg,Der SC Freiburg hat sich im schweren Auswärtsspiel bei RC Lens eine gute Ausgangsposition für den anvisierten Achtelfinal-Einzug in der Europa League geschaffen. Eintracht Frankfurt wähnte sich im Playoff-Hinspiel der Conference League bereits auf der Siegers…,https://image.stern.de/34463160/t/zt/v1/w1440/r1.7778/-/sc-freiburg-eintracht-frankfurt.jpg,2024-02-15T22:00:00Z,,Der SC Freiburg hat sich im schweren Auswärtsspiel bei RC Lens eine gute Ausgangsposition für den anvisierten Achtelfinal-Einzug in der Europa League geschaffen. Eintracht Frankfurt wähnte sich im Pl… [+6008 chars],,de,'SC Freiburg'
https://www.faz.net/aktuell/sport/fussball/freiburg-wahrt-gegen-lens-chance-auf-europa-league-achtelfinale-19418430.html,https://www.faz.net/aktuell/sport/fussball/freiburg-wahrt-gegen-lens-chance-auf-europa-league-achtelfinale-19418430.html,0,www.faz.net,0:0 gegen RC Lens: Freiburg wahrt alle Chancen auf das Achtelfinale,Der SC Freiburg steigert sich im Vergleich zur 0:3-Niederlage in Dortmund. Das torlose Unentschieden in Frankreich lässt die Freiburger vor dem Rückspiel vom Achtelfinale in der Europa League träumen.,https://media0.faz.net/ppmedia/aktuell/sport/1060528768/1.9523100/facebook_teaser/nicolas-hoefler-links-und-die.jpg,2024-02-15T22:00:31Z,,Der SC Freiburg hat trotz einer mangelhaften Chancenverwertung noch alle Möglichkeiten auf den Einzug ins Achtelfinale der Europa League. Beim torlosen Unentschieden im Playoff-Hinspiel beim französi… [+2544 chars],,de,'SC Freiburg'
https://www.tagesspiegel.de/sport/torloses-remis-in-lens-freiburg-darf-weiter-aufs-achtelfinale-der-europa-league-hoffen-11220367.html,https://www.tagesspiegel.de/sport/torloses-remis-in-lens-freiburg-darf-weiter-aufs-achtelfinale-der-europa-league-hoffen-11220367.html,0,www.tagesspiegel.de,Torloses Remis in Lens: Freiburg darf weiter aufs Achtelfinale der Europa League hoffen,Das torlose Remis beim RC Lens ist aus Sicht des SC Freiburg als Leistungssteigerung zu werten. Das Ergebnis lässt die Freiburger vor dem Rückspiel vom Achtelfinale in der Europa League träumen.,https://www.tagesspiegel.de/images/e-wahi-9-lens-looks-dejected-during-the-uefa-europa-league-match-between-racing-club-lens-and-sc-freiburg-at-stade/alternates/BASE_16_9_W1400/e-wahi--9---lens--looks-dejected-during-the-uefa-europa-league-match-between-racing-club-lens-and-sc-freiburg-at-stade.jpeg,2024-02-15T22:16:12Z,,Der SC Freiburg hat trotz einer mangelhaften Chancenverwertung noch alle Möglichkeiten auf den Einzug ins Achtelfinale der Europa League. Beim torlosen Unentschieden im Playoff-Hinspiel beim französi… [+2964 chars],,de,'SC Freiburg'
https://www.zeit.de/sport/2024-02/europa-league-fc-freiburg-rc-lens,https://www.zeit.de/sport/2024-02/europa-league-fc-freiburg-rc-lens,0,www.zeit.de,Europa League: Freiburg darf weiter aufs Achtelfinale der Europa League hoffen,Ohne ein Tor endete das Europa League-Spiel zwischen dem SC Freiburg und dem RC Lens. Ein Treffer des französischen Gastgebers wurde nach dem Videobeweis zurückgenommen.,https://img.zeit.de/sport/2024-02/sc-freiburg-rc-lens-europa-league-bild-3/wide__1300x731,2024-02-15T22:26:36Z,,Der SC Freiburg hat sich im Auswärtsspiel beim RC Lens eine achtbare Ausgangsposition für den anvisierten Achtelfinal-Einzug in der Europa League geschaffen. Die Breisgauer erkämpften sich im Hinspie… [+876 chars],,de,'SC Freiburg'
https://www.waz.de/sport/article241686330/SC-Freiburg-darf-auf-Europa-League-Achtelfinale-hoffen.html,https://www.waz.de/sport/article241686330/SC-Freiburg-darf-auf-Europa-League-Achtelfinale-hoffen.html,0,www.waz.de,SC Freiburg darf auf Europa-League-Achtelfinale hoffen,Das torlose Remis beim RC Lens ist aus Sicht des SC Freiburg als Leistungssteigerung zu werten - und lässt weiter Träume offen.,https://img.sparknews.funkemedien.de/241686328/241686328_1708036394_v4_3_800.jpeg,2024-02-15T22:33:47Z,,"Lens. Das torlose Remis beim RC Lens ist aus Sicht des SC Freiburg als Leistungssteigerung zu werten - und lässt weiter Träume offen.
Der SC Freiburg hat trotz einer mangelhaften Chancenverwertung n… [+2879 chars]",,de,'SC Freiburg'
https://www.kicker.de/max-muss-hoch-schiessen-freiburg-hadert-und-steigert-sich-996649/artikel,https://www.kicker.de/max-muss-hoch-schiessen-freiburg-hadert-und-steigert-sich-996649/artikel,0,www.kicker.de,"""Max muss hoch schießen"": Freiburg hadert - und steigert sich",Der SC Freiburg hat in Lens eine Reaktion auf die schwachen Leistungen in der Bundesliga gezeigt. In Frankreich wäre für den Sport-Club aber durchaus mehr drin gewesen.,"https://derivates.kicker.de/image/upload/c_crop,x_370,y_346,w_2931,h_1649/w_1200,q_auto/v1/2024/02/15/02d76668-e441-4d26-b82d-a055467889b4.jpeg",2024-02-15T22:48:16Z,,"Der SC Freiburg hat in Lens eine Reaktion auf die schwachen Leistungen in der Bundesliga gezeigt. In Frankreich wäre für den Sport-Club aber durchaus mehr drin gewesen. 
 Freiburg hat weiterhin Spaß… [+2485 chars]",,de,'SC Freiburg'
https://www.kicker.de/nur-auf-den-raengen-unterlegen-lens-fans-beeindrucken-mit-akustischem-feuerwerk-996653/video,https://www.kicker.de/nur-auf-den-raengen-unterlegen-lens-fans-beeindrucken-mit-akustischem-feuerwerk-996653/video,0,www.kicker.de,"""Nur auf den Rängen unterlegen"": Lens-Fans beeindrucken mit akustischem Feuerwerk",Video: Der SC Freiburg hat sich nicht beeindrucken lassen von der Atmosphäre in Lens. kicker-Reporter Moritz Kreilinger berichtet aus Frankreich.,"https://derivates.kicker.de/image/upload/w_848,h_477,c_fill,g_auto:subject/w_1200,q_auto/v1/2024/02/15/5f7849f1-944b-4249-82a5-c96bad02f8d3.jpeg",2024-02-15T23:06:14Z,,"Werbung und Tracking: Um dir relevante Inhalte und personalisierte Werbung anzubieten, setzen wir Cookies und andere Technologien ein. Damit messen wir, wie und womit du unsere Angebote nutzt. Diese … [+1979 chars]",,de,'SC Freiburg'
https://www.stern.de/gesellschaft/regional/baden-wuerttemberg/fussball--europa-league--freiburg-holt-achtbares-remis-in-lens-34463248.html,https://www.stern.de/gesellschaft/regional/baden-wuerttemberg/fussball--europa-league--freiburg-holt-achtbares-remis-in-lens-34463248.html,0,www.stern.de,Fußball: Europa League: Freiburg holt achtbares Remis in Lens,Der SC Freiburg hat sich im schweren Auswärtsspiel bei RC Lens eine achtbare Ausgangsposition für den anvisierten Achtelfinal-Einzug in der Europa League geschaffen. Die Breisgauer erkämpften sich am Donnerstag im Hinspiel der Zwischenrunde beim französischen…,https://image.stern.de/34463250/t/wt/v2/w1440/r1.7778/-/16--urnnewsmldpacom200901012402159906968v3w800h600l640t425r1920b1278jpeg---7227bae7047743bf.jpg,2024-02-16T04:01:43Z,,Der SC Freiburg hat sich im schweren Auswärtsspiel bei RC Lens eine achtbare Ausgangsposition für den anvisierten Achtelfinal-Einzug in der Europa League geschaffen. Die Breisgauer erkämpften sich am… [+1029 chars],,de,'SC Freiburg'
https://www.zeit.de/news/2024-02/16/nach-0-0-in-lens-beim-sc-freiburg-ueberwiegt-erleichterung,https://www.zeit.de/news/2024-02/16/nach-0-0-in-lens-beim-sc-freiburg-ueberwiegt-erleichterung,0,www.zeit.de,Fußball: Nach 0:0 in Lens: Beim SC Freiburg überwiegt Erleichterung,Hier finden Sie Informationen zu dem Thema „Fußball“. Lesen Sie jetzt „Nach 0:0 in Lens: Beim SC Freiburg überwiegt Erleichterung“.,https://img.zeit.de/news/2024-02/16/nach-0-0-in-lens-beim-sc-freiburg-ueberwiegt-erleichterung-image-group/wide__1300x731,2024-02-16T04:41:22Z,,Nach zuletzt drei Niederlagen in der Fußball-Bundesliga überwiegt beim SC Freiburg nach dem torlosen Unentschieden beim RC Lens im Playoff-Hinspiel der Europa League die Erleichterung. «Wir haben mal… [+2551 chars],,de,'SC Freiburg'
https://www.stern.de/sport/europa-league--0-0-in-lens--beim-sc-freiburg-ueberwiegt-die-erleichterung-34464076.html,https://www.stern.de/sport/europa-league--0-0-in-lens--beim-sc-freiburg-ueberwiegt-die-erleichterung-34464076.html,0,www.stern.de,Europa League: 0:0 in Lens: Beim SC Freiburg überwiegt die Erleichterung,Die Bundesliga-Auftritte des SC Freiburg waren zuletzt ernüchternd. Beim RC Lens haben die Breisgauer wieder ihr Europa-League-Gesicht zeigen können - vor allem in der Defensive.,https://image.stern.de/34464078/t/s8/v1/w1440/r1.7778/-/16--urnnewsmldpacom200901012402169908873v4w800h600l509t97r1814b1039jpeg---9c60a106c7d947bb.jpg,2024-02-16T07:05:28Z,,"Die Bundesliga-Auftritte des SC Freiburg waren zuletzt ernüchternd. Beim RC Lens haben die Breisgauer wieder ihr Europa-League-Gesicht zeigen können - vor allem in der Defensive.
Nach zuletzt drei N… [+1724 chars]",,de,'SC Freiburg'
https://www.zeit.de/news/2024-02/16/0-0-in-lens-beim-sc-freiburg-ueberwiegt-die-erleichterung,https://www.zeit.de/news/2024-02/16/0-0-in-lens-beim-sc-freiburg-ueberwiegt-die-erleichterung,0,www.zeit.de,Europa League: 0:0 in Lens: Beim SC Freiburg überwiegt die Erleichterung,Hier finden Sie Informationen zu dem Thema „Europa League“. Lesen Sie jetzt „0:0 in Lens: Beim SC Freiburg überwiegt die Erleichterung“.,https://img.zeit.de/news/2024-02/16/0-0-in-lens-beim-sc-freiburg-ueberwiegt-die-erleichterung-image-group/wide__1300x731,2024-02-16T07:05:28Z,,"Nach zuletzt drei Niederlagen in der Fußball-Bundesliga überwiegt beim SC Freiburg nach dem torlosen Unentschieden beim RC Lens im Playoff-Hinspiel der Europa League die Erleichterung. 
Mehr Schlagz… [+2318 chars]",,de,'SC Freiburg'
https://www.kicker.de/abwehrchef-danso-retter-und-ausrutscher-996707/artikel,https://www.kicker.de/abwehrchef-danso-retter-und-ausrutscher-996707/artikel,0,www.kicker.de,Abwehrchef Danso: Retter und Ausrutscher,"Lens' Abwehrchef Kevin Danso erlebte gegen den SC Freiburg einen Abend zwischen den Extremen - und spricht von einem ""schwierigen Spiel"".","https://derivates.kicker.de/image/upload/c_crop,x_0,y_225,w_4000,h_2250/w_1200,q_auto/v1/2024/02/16/2d0074bf-eb3b-4299-b2d4-02541fb71827.jpeg",2024-02-16T10:44:39Z,,"Lens' Abwehrchef Kevin Danso erlebte gegen den SC Freiburg einen Abend zwischen den Extremen - und spricht von einem ""schwierigen Spiel"". Aus Lens berichtet Michael Postl
Zuerst war es die Zeitleist… [+2012 chars]",,de,'SC Freiburg'
https://www.kicker.de/streichs-mahnung-richtungsweisendes-duell-in-freiburg-996754/artikel,https://www.kicker.de/streichs-mahnung-richtungsweisendes-duell-in-freiburg-996754/artikel,0,www.kicker.de,Streichs Mahnung: Richtungsweisendes Duell in Freiburg,Die Spieler des SC Freiburg gehen zuversichtlich ins nächste Bundesliga-Spiel. Am Sonntag geht es um wichtige Punkte. Dann kommt die Eintracht aus Frankfurt nach Freiburg.,"https://derivates.kicker.de/image/upload/c_crop,x_0,y_397,w_4000,h_2250/w_1200,q_auto/v1/2024/02/16/8a5454a9-24fd-4533-9aba-fe4bff34d1a3.jpeg",2024-02-16T12:51:05Z,,"Werbung und Tracking: Um dir relevante Inhalte und personalisierte Werbung anzubieten, setzen wir Cookies und andere Technologien ein. Damit messen wir, wie und womit du unsere Angebote nutzt. Diese … [+1979 chars]",,de,'SC Freiburg'
https://www.focus.de/sport/fussball/bundesliga-22-spieltag-sc-freiburg-gegen-eintracht-frankfurt-im-liveticker_id_259679055.html,https://www.focus.de/sport/fussball/bundesliga-22-spieltag-sc-freiburg-gegen-eintracht-frankfurt-im-liveticker_id_259679055.html,0,www.focus.de,"Bundesliga, 22. Spieltag - SC Freiburg gegen Eintracht Frankfurt im Liveticker",Die Europa-Teams im direkten Duell! Freiburg verlor zuletzt drei Mal nacheinander in der Liga. Frankfurt hingegen verlor nur eine der jüngsten sechs Bundesliga-Partien. Das Spiel ab 15.30 Uhr im Liveticker.,https://p6.focus.de/img/fotos/id_259679077/szene-aus-dem-hinspiel-zwischen-frankfurt-und-freiburg.jpg?im=Crop%3D%280%2C241%2C3169%2C1584%29%3BResize%3D%281200%2C627%29&impolicy=perceptual&quality=mediumHigh&hash=1a92717e0944d419b1dacc6d1723b4a4fe55effa25ad62bea78696aec0abb308,2024-02-17T10:47:32Z,,Die Europa-Teams im direkten Duell! Freiburg verlor zuletzt drei Mal nacheinander in der Liga. Frankfurt hingegen verlor nur eine der jüngsten sechs Bundesliga-Partien. Das Spiel ab 15.30 Uhr im Live… [+735 chars],,de,'SC Freiburg'
https://www.kicker.de/kreuzbandriss-saisonaus-fuer-werder-kapitaenin-hausicke-996986/artikel,https://www.kicker.de/kreuzbandriss-saisonaus-fuer-werder-kapitaenin-hausicke-996986/artikel,0,www.kicker.de,Kreuzbandriss: Saisonaus für Werder-Kapitänin Hausicke,"Nach der 0:3-Niederlage von Werder Bremen gegen den SC Freiburg rückte das Ergebnis in den Hintergrund, denn Kapitänin Lina Hausicke hat sich schwer verletzt.","https://derivates.kicker.de/image/upload/c_crop,x_0,y_0,w_3000,h_1687/w_1200,q_auto/v1/2024/02/17/5fc81023-30eb-4515-81d6-4f7e18d3f65b.jpeg",2024-02-17T19:05:08Z,,"Nach der 0:3-Niederlage von Werder Bremen gegen den SC Freiburg rückte das Ergebnis in den Hintergrund, denn Kapitänin Lina Hausicke hat sich schwer verletzt. 
 Es war ein gebrauchter Tag für den SV… [+1509 chars]",,de,'SC Freiburg'
https://www.titanic-magazin.de/news/werbeunterbrechung-13980/,https://www.titanic-magazin.de/news/werbeunterbrechung-13980/,0,www.titanic-magazin.de,Werbeunterbrechung,Ab  jetzt  im  TITANIC-Shop  -  das  neue  Buch  von  Martin  Sonneborn!    Nie  wieder  Eselsohren!  Zu  jedem  bestellten  Exemplar  gibt  es  ein  TITANIC-Lesezeichen  gratis  oben  drauf. ...,https://www.titanic-magazin.de/fileadmin/core/images/social_media_icons/titaniclogo.png,2024-02-18T11:05:00Z,,"Ihres Zeichens Welttorhüter des Jahres 1987, Träger des Goldenen Schuhs und Wegfauster und Eckenhechter im Tor des FC Bayern München! Dass Sie nach der Bundesliga-Tabelle auch mal die Charts erklimme… [+670 chars]",,de,'Martin Sonneborn'
https://www.welt.de/sport/article250157436/Bundesliga-Frankfurt-und-Freiburg-liefern-Sechs-Tore-Spektakel.html,https://www.welt.de/sport/article250157436/Bundesliga-Frankfurt-und-Freiburg-liefern-Sechs-Tore-Spektakel.html,0,www.welt.de,Frankfurt und Freiburg liefern Sechs-Tore-Spektakel,Ein Verletzungsschock und dreimal eine Führung hergeschenkt: Eintracht Frankfurt muss sich beim SC Freiburg mit einem Punkt begnügen. Die Hessen bangen zudem um Sasa Kalajdzic.,https://img.welt.de/img/sport/mobile250157526/3331357937-ci16x9-w1200/SC-Freiburg-Eintracht-Frankfurt-2.jpg,2024-02-18T17:44:56Z,,"Dreimal hat Eintracht Frankfurt in Führung gelegen, dreimal hat der SC Freiburg sich zurückgemeldet. Beim 3:3 (2:2) am Sonntag rettete Michael Gregoritsch den Breisgauern in der Fußball-Bundesliga zu… [+3542 chars]",,de,'SC Freiburg'
https://www.kicker.de/freiburg-schockt-ingolstadt-fci-gibt-sieg-in-unterzahl-spaet-aus-der-hand-996854/video,https://www.kicker.de/freiburg-schockt-ingolstadt-fci-gibt-sieg-in-unterzahl-spaet-aus-der-hand-996854/video,0,www.kicker.de,Freiburg schockt Ingolstadt: FCI gibt Sieg in Unterzahl spät aus der Hand,Video: Der SC Freiburg II konnte beim FC Ingolstadt nach 15 Spielen ohne Sieg mal wieder gewinnen. Allerdings mussten die Freiburger bis zur Schlussphase darauf warten - erst in der 89. und 92. Minute machte der SCF den Sieg klar.,"https://derivates.kicker.de/image/upload/w_4000,h_2250,c_fill,g_auto:subject/w_1200,q_auto/v1/2024/02/17/2939b657-6369-405c-be72-b9ce93fa6684.jpeg",2024-02-18T23:00:00Z,,"Werbung und Tracking: Um dir relevante Inhalte und personalisierte Werbung anzubieten, setzen wir Cookies und andere Technologien ein. Damit messen wir, wie und womit du unsere Angebote nutzt. Diese … [+1979 chars]",,de,'SC Freiburg'
https://www.stern.de/gesellschaft/regional/baden-wuerttemberg/bundesliga--erneut-drei-gegentore--sc-coach-streich--will-nicht-hadern--34470984.html,https://www.stern.de/gesellschaft/regional/baden-wuerttemberg/bundesliga--erneut-drei-gegentore--sc-coach-streich--will-nicht-hadern--34470984.html,0,www.stern.de,"Bundesliga: Erneut drei Gegentore: SC-Coach Streich ""will nicht hadern""",Freiburg - Das Fehlen der beiden verletzten Stamm-Innenverteidiger Matthias Ginter und Philipp Lienhart ist nach Ansicht von Trainer Christian Streich,https://image.stern.de/34470986/t/1K/v1/w1440/r1.7778/-/19--urnnewsmldpacom200901012402199942183v3w800h600l640t425r1920b1278jpeg---eb7c9f26fd98f06a.jpg,2024-02-19T06:22:47Z,,"Der SC Freiburg kassiert zum vierten Mal in Serie drei Gegentore in der Liga. Trainer Streich versucht dennoch, das Positive hervorzuheben.
Das Fehlen der beiden verletzten Stamm-Innenverteidiger Ma… [+1363 chars]",,de,'SC Freiburg'
https://www.kicker.de/freiburger-defensive-anfaellig-wie-seit-fast-20-jahren-nicht-997189/artikel,https://www.kicker.de/freiburger-defensive-anfaellig-wie-seit-fast-20-jahren-nicht-997189/artikel,0,www.kicker.de,Freiburger Defensive: Anfällig wie seit fast 20 Jahren nicht,"Der SC Freiburg kassierte in den vergangenen vier Ligaspielen stets drei Gegentore. Beim 3:3 gegen Eintracht Frankfurt wurde einmal mehr deutlich, wie sehr Matthias Ginter und Philipp Lienhart der Mannschaft fehlen.","https://derivates.kicker.de/image/upload/c_crop,x_0,y_146,w_3000,h_1687/w_1200,q_auto/v1/2024/02/19/a4c700f9-e800-47f4-b0f1-c032f23d1575.jpeg",2024-02-19T09:04:26Z,,"Der SC Freiburg kassierte in den vergangenen vier Ligaspielen stets drei Gegentore. Beim 3:3 gegen Eintracht Frankfurt wurde einmal mehr deutlich, wie sehr Matthias Ginter und Philipp Lienhart der Ma… [+4064 chars]",,de,'SC Freiburg'
https://11freunde.de/artikel/eintracht-frankfurt-taktik/10384790,https://11freunde.de/artikel/eintracht-frankfurt-taktik/10384790,0,11freunde.de,Kuschelrock statt Heavy Metal - Eintracht Frankfurt in der Taktikanalyse,"Eintracht Frankfurt will sich weiterentwickeln. Gegen den SC Freiburg schossen sie zwar drei Tore, treten aber doch auf der Stelle. Fünf Thesen zur aktuellen Lage der Eintracht.",https://11freunde.de/assets/images/_1200x630_crop_center-center_82_none/imago1040750250h.jpg?mtime=1708334496,2024-02-19T10:00:00Z,,"Die Ansage von Ein­tracht Frank­furts Sport­vor­stand Markus Krö­sche war unmiss­ver­ständ­lich. Weniger Klassik, mehr Heavy Metal, hatte er von seinem Team vor dem Con­fe­rence-League-Spiel gegen Un… [+2450 chars]",,de,'SC Freiburg'
https://sport.orf.at/stories/3122484/,https://sport.orf.at/stories/3122484/,0,sport.orf.at,Erneut Kreuzbandriss bei Stürmer Kalajdzic,Sasa Kalajdzic hat sich neuerlich schwer verletzt und wird wohl für die Europameisterschaft im Sommer in Deutschland ausfallen. Der ÖFB-Teamstürmer in Diensten von Eintracht Frankfurt erlitt am Sonntag im Bundesliga-Spiel gegen den SC Freiburg (3:3) einen Ris…,https://ibs.orf.at/sport?image=https%3A%2F%2Fassets.orf.at%2Fmims%2F2024%2F08%2F58%2Fcrops%2Fw%3D1200%2Ch%3D630%2Cq%3D75%2F2112443_master_798558_fus_deutschland_oefb_kalajdzic_kreuzbandriss_pd6049_p.jpg%3Fs%3D2605b2838e4eeaeb69851a137fbcb442013a3621,2024-02-19T13:26:44Z,,Der 26-Jährige zog sich die Verletzung in der achten Spielminute ohne Fremdeinwirkung zu. Er konnte selbstständig in die Kabine gehen und kam in Hälfte zwei auf Krücken zurück zur Frankfurter Ersatzb… [+1075 chars],,de,'SC Freiburg'
https://www.zeit.de/news/2024-02/21/sc-freiburg-kaempft-gegen-lens-um-achtelfinal-einzug,https://www.zeit.de/news/2024-02/21/sc-freiburg-kaempft-gegen-lens-um-achtelfinal-einzug,0,www.zeit.de,Europa League: SC Freiburg kämpft gegen Lens um Achtelfinal-Einzug,Hier finden Sie Informationen zu dem Thema „Europa League“. Lesen Sie jetzt „SC Freiburg kämpft gegen Lens um Achtelfinal-Einzug“.,https://img.zeit.de/news/2024-02/21/sc-freiburg-kaempft-gegen-lens-um-achtelfinal-einzug-image-group/wide__1300x731,2024-02-21T16:40:28Z,,Der SC Freiburg will am Donnerstag (18.45 Uhr/RTL+) zum zweiten Mal nacheinander ins Achtelfinale der Europa League einziehen. Nach dem torlosen Remis im Zwischenrunden-Hinspiel brauchen die Badener … [+626 chars],,de,'SC Freiburg'
https://www.welt.de/sport/fussball/article250228382/Europa-League-Freiburg-kaempft-sich-in-der-Verlaengerung-ins-Achtelfinale.html,https://www.welt.de/sport/fussball/article250228382/Europa-League-Freiburg-kaempft-sich-in-der-Verlaengerung-ins-Achtelfinale.html,0,www.welt.de,Furiose Aufholjagd – Freiburg kämpft sich in der Verlängerung ins Achtelfinale,"Der SC Freiburg dreht ein wildes Rückspiel gegen den RC Lens: Erst gerät das Team von Christian Streich 0:2 in Rückstand, dann zünden die Einwechslungen des Trainers. In strömenden Regen erzielt Roland Sallai einen Doppelpack. Und Joker Michael Gregoritsch so…",https://img.welt.de/img/bildergalerien/mobile250228388/5421356197-ci16x9-w1200/Europa-League-Play-Off-Second-Leg-SC-Freiburg-v-RC-Lens.jpg,2024-02-22T20:45:55Z,,Dank großer Moral und einer furiosen Aufholjagd hat der SC Freiburg das Achtelfinale der Europa League erreicht. Der badische Fußball-Bundesligist gewann das packende Playoff-Rückspiel gegen den RC L… [+2854 chars],,de,'SC Freiburg'
https://sport.orf.at/stories/3122574/,https://sport.orf.at/stories/3122574/,0,sport.orf.at,Gregoritsch vollendet Freiburger Comeback,Der SC Freiburg hat sich gegen RC Lens ins Achtelfinale der UEFA Europa League gekämpft. Nach einem 0:0 im Play-off-Hinspiel lag der deutsche Bundesligist am Donnerstag im Rückspiel bereits mit 0:2 zurück und stand vor dem Aus. Doch Roland Sallai rettete die …,https://ibs.orf.at/sport?image=https%3A%2F%2Fassets.orf.at%2Fmims%2F2024%2F08%2F52%2Fcrops%2Fw%3D1200%2Ch%3D630%2Cq%3D75%2F2116373_master_800252_fus_uefa_el_freiburg_lens_bericht_afp.jpg%3Fs%3D790a84d3cc49df9a30187696cac3bf83f330a28b,2024-02-22T20:47:20Z,,"Unfassbar, wie oft darf man so etwas erleben. Das ist ein Spiel für die Ewigkeit, sagte Gregoritsch nach dem Match. David Pereira da Costa nach einem Patzer von Freiburg-Torhüter Noah Atubolu (28.) u… [+2448 chars]",,de,'SC Freiburg'
https://www.stern.de/gesellschaft/regional/baden-wuerttemberg/fussball--3-2-nach-0-2--freiburg-ringt-lens-in-der-verlaengerung-nieder-34484668.html,https://www.stern.de/gesellschaft/regional/baden-wuerttemberg/fussball--3-2-nach-0-2--freiburg-ringt-lens-in-der-verlaengerung-nieder-34484668.html,0,www.stern.de,Fußball: 3:2 nach 0:2: Freiburg ringt Lens in der Verlängerung nieder,Nach individuellen Fehlern steht der SC in der Europa League kurz vor dem Aus. Dann schlägt Roland Sallai zurück. Michael Gregoritsch entscheidet den Krimi und schießt die Badener ins Achtelfinale.,https://image.stern.de/34484670/t/G8/v1/w1440/r1.7778/-/22--urnnewsmldpacom200901012402229988550v3w800h600l665t134r1686b1030jpeg---6c8fe1b57e360529.jpg,2024-02-22T20:54:10Z,,"Nach individuellen Fehlern steht der SC in der Europa League kurz vor dem Aus. Dann schlägt Roland Sallai zurück. Michael Gregoritsch entscheidet den Krimi und schießt die Badener ins Achtelfinale.
… [+3524 chars]",,de,'SC Freiburg'
https://www.sueddeutsche.de/sport/europacup-wettbewerbe-gregoritschs-glueckstreffer-1.6386696,https://www.sueddeutsche.de/sport/europacup-wettbewerbe-gregoritschs-glueckstreffer-1.6386696,0,www.sueddeutsche.de,Europacup-Wettbewerbe: Gregoritschs Glückstreffer,Der SC Freiburg stürmt gegen RC Lens mit einem 3:2-Sieg in der Nachspielzeit ins Achtelfinale der Europa League. Dagegen scheitert Eintracht Frankfurt nach einem 1:2 gegen Saint-Gilloise in der Conference League.,https://www.sueddeutsche.de/image/sz.1.6386697/1200x675?v=1708641008,2024-02-22T21:13:40Z,,"Die Ausgangslage in der Zwischenrunde war für beide Klubs gleich, doch nur Freiburg jubelt: Während der SC Freiburg in der Europa League einen 0:2-Rückstand aufholte und furios ins Achtelfinale stürm… [+2329 chars]",,de,'SC Freiburg'
https://www.sueddeutsche.de/sport/europa-league-gregoritschs-glueckstreffer-1.6386696,https://www.sueddeutsche.de/sport/europa-league-gregoritschs-glueckstreffer-1.6386696,0,www.sueddeutsche.de,Europa League: Gregoritschs Glückstreffer,Der SC Freiburg holt gegen RC Lens einen 0:2-Rückstand auf und stürmt mit einem 3:2-Sieg in der Nachspielzeit ins Achtelfinale.,https://www.sueddeutsche.de/image/sz.1.6386697/1200x675?v=1708636411,2024-02-22T21:13:40Z,,Mit einem starken Comeback ins Achtelfinale: Die Reise des SC Freiburg in der Europa League geht weiter. Im Zwischenrunden-Rückspiel rang das Team von Trainer Christian Streich am Donnerstagabend den… [+2360 chars],,de,'SC Freiburg'
https://www.n-tv.de/mediathek/videos/sport/SC-Freiburg-gelingt-Mega-Comeback-in-Europa-League-article24757240.html,https://www.n-tv.de/mediathek/videos/sport/SC-Freiburg-gelingt-Mega-Comeback-in-Europa-League-article24757240.html,0,www.n-tv.de,Aufholjagd ins Glück: SC Freiburg gelingt Mega-Comeback in Europa League,Es ist auch ein Sieg des Willens: Der SC Freiburg zieht ins Achtelfinale der Europa League ein. Einen 0:2-Rückstand dreht das Team von Christian Streich in einen 3:2-Sieg.,https://bilder4.n-tv.de/img/incoming/crop24757255/7161323142-cImg_16_9-w1200/9daf65b48bb785b131d338dbf65da7b1.jpg,2024-02-22T21:28:08Z,,,,de,'SC Freiburg'
… [+1828 chars],,de,'SC Freiburg',,,,,,,,,
